-46.33142992000001,1000
-48.792747876288665,2000
-50.33029255999999,3000
-50.09293283,4000
-51.13364202,5000
-50.757725099999995,6000
-54.10994065999999,7000
-53.728405220000006,8000
-46.77380861,9000
-46.88886268000001,10000
-42.562786689999996,11000
-35.82886462,12000
-23.400435299999998,13000
-15.164202780000004,14000
-6.9052067599999996,15000
0.5341695799999998,16000
5.890898489999999,17000
12.979925600000001,18000
22.07368451,19000
25.66443204,20000
31.390480800000006,21000
31.616795579999998,22000
37.28958110000001,23000
40.52986847,24000
47.80707511,25000
50.65868230000001,26000
53.239432969999996,27000
54.255238420000005,28000
53.269822219999995,29000
50.69939507,30000
60.709552759999994,31000
60.05754749,32000
56.314485270000006,33000
60.6165702,34000
52.98756097,35000
56.71076185000001,36000
59.268155990000004,37000
61.73090096,38000
71.26469292000002,39000
76.38979693,40000
77.69831715,41000
76.91197903999999,42000
76.16609596,43000
75.00541273,44000
66.69625542999998,45000
75.57500501999999,46000
75.68202909,47000
75.38095301,48000
73.20915928,49000
72.47599186000001,50000
72.41873174,51000
68.53952773999998,52000
73.31191695000001,53000
76.38198792,54000
78.45841695000001,55000
83.45773105000002,56000
76.90006937999999,57000
74.99725684,58000
72.96516822000001,59000
66.64664092,60000
62.88376207000001,61000
64.18783247,62000
65.96158752000001,63000
65.65313678,64000
69.79762636000001,65000
83.31190011999999,66000
82.83291766,67000
85.14708460000001,68000
82.09029028,69000
84.42632945000001,70000
91.60084216000001,71000
95.71602061999998,72000
101.47903357999999,73000
98.58235999999997,74000
100.16478477999999,75000
98.72599657999999,76000
94.97367529000003,77000
83.31537494999999,78000
84.95182841,79000
86.39060457999999,80000
91.26249833,81000
93.13354356999999,82000
85.11156884,83000
81.36541069,84000
74.1693479,85000
77.83925473000001,86000
72.81529900999998,87000
81.92329042,88000
83.13452417,89000
94.04691252,90000
96.87271233,91000
99.63962292000002,92000
98.05850312999999,93000
102.17620714999997,94000
103.53468431000002,95000
109.60800770999998,96000
117.92961,97000
120.98694276999998,98000
120.20092765,99000
121.82868161,100000
125.80950398,101000
127.19730775,102000
129.94740657,103000
127.29401795,104000
125.3095238,105000
129.68313146000003,106000
133.91111852,107000
135.50640022000002,108000
150.77037799,109000
156.57737035,110000
153.41052632,111000
151.63459103,112000
157.54076066,113000
159.68652243,114000
162.08378685000002,115000
166.12952219000002,116000
160.16308648000003,117000
157.01681514999999,118000
164.77819937999996,119000
160.69785092,120000
161.08498088,121000
154.87655379,122000
148.73373182999998,123000
155.95227587000002,124000
159.83152324,125000
160.81807926,126000
161.2971012,127000
172.97567405,128000
188.75882929999997,129000
188.72207425,130000
186.96366178,131000
192.44158857,132000
190.43961186,133000
194.09850130000007,134000
186.36609843,135000
184.88124335000003,136000
188.34324353000002,137000
190.34001111,138000
196.14438596,139000
193.91440946999995,140000
189.88972214,141000
197.68422686999997,142000
187.35528333000002,143000
173.12394787000002,144000
173.30820906999998,145000
175.64819248,146000
181.97045976,147000
181.13235271999997,148000
180.77666725,149000
192.00928306000003,150000
207.35292849,151000
207.16334978999998,152000
203.46519336999998,153000
201.95591836,154000
203.15266058,155000
212.47980174,156000
215.33081787999998,157000
217.93479638,158000
216.95564150999996,159000
220.70354573000003,160000
227.56496497999996,161000
224.80901624,162000
233.35082023999996,163000
228.49209358,164000
227.42129707999996,165000
225.10945333999996,166000
233.57963924,167000
246.89949805,168000
241.97488103,169000
243.24470013999996,170000
240.54952029,171000
238.76316168000002,172000
247.16671087999998,173000
256.11691491,174000
263.58710811,175000
259.47615251,176000
256.40955198999995,177000
245.83865673000008,178000
253.52897112000002,179000
264.12969730000003,180000
261.63688492,181000
268.74711053,182000
268.07182256,183000
258.79662347,184000
254.99362747000004,185000
265.13377073,186000
287.04092198,187000
287.7143595,188000
284.94532547,189000
274.83204978000003,190000
281.54188745000005,191000
280.15913587,192000
291.33682729,193000
303.74594007,194000
303.0985968,195000
301.35570751,196000
301.82274204000004,197000
300.75188057,198000
318.93919554,199000
306.3513295,200000
306.86740367,201000
311.11772084999996,202000
289.79980249,203000
279.89979803999995,204000
287.64458317000003,205000
293.18284555,206000
291.84085989999994,207000
291.88506863000003,208000
287.81360108,209000
282.30466680999996,210000
283.01974789,211000
282.3613696,212000
280.05622728,213000
287.63248548999997,214000
283.10395867,215000
268.35755111,216000
278.3379439000001,217000
273.36767016000005,218000
293.89010868,219000
290.56828777,220000
277.92544305,221000
278.06887985,222000
286.1503077500001,223000
297.21117296,224000
294.3024186,225000
299.36272280000003,226000
288.90497434,227000
290.69300835999996,228000
285.55484117000003,229000
284.69821811,230000
291.81017675999993,231000
312.37533935,232000
308.96879048,233000
314.43252733,234000
302.27411376000003,235000
293.90409948999996,236000
296.47223242,237000
295.96155880000003,238000
295.54996244,239000
286.50426687999993,240000
302.25420249,241000
312.91820784,242000
320.68970244,243000
329.9095117499999,244000
330.60634011,245000
340.3479274399999,246000
341.87697153999994,247000
349.98938296,248000
333.06759654000007,249000
339.94221666,250000
332.63649228,251000
342.80040971,252000
352.35375904000006,253000
360.8764089400001,254000
372.36049603,255000
369.9832460100001,256000
355.5517473499999,257000
358.97215528,258000
361.24663656000007,259000
361.93707135999995,260000
350.24332094,261000
362.45944459,262000
358.87401311,263000
359.17483281999995,264000
357.34091384000004,265000
365.96525176999995,266000
380.9915444400001,267000
394.62008434,268000
394.51801789999996,269000
412.75472367000003,270000
410.96221820000005,271000
399.65476692000004,272000
413.16765013,273000
410.1377166,274000
417.12897324000005,275000
427.44468019999994,276000
442.5541355600001,277000
456.23373862,278000
440.19817836999994,279000
436.7211164799999,280000
448.1738579000001,281000
444.08489379000014,282000
442.66077484,283000
458.42701202000006,284000
460.25902146,285000
468.31728589,286000
476.45655230999995,287000
476.0638218099999,288000
460.4284483,289000
438.61159993999996,290000
437.88981708,291000
424.76085137,292000
431.8751915100001,293000
453.35283769,294000
473.68424766000004,295000
464.55028636,296000
460.0822029700001,297000
442.59171693999997,298000
439.78187937999996,299000
450.12312782000004,300000
453.26958187000014,301000
455.19935507,302000
454.24615522000005,303000
451.0888060599999,304000
452.8914448000001,305000
445.1658069,306000
452.31448354,307000
445.83346202999996,308000
436.46918856,309000
443.51236157,310000
455.6954097400001,311000
465.7135193799999,312000
466.28476784,313000
481.30786760999996,314000
437.54775357,315000
425.98617740000003,316000
418.49066049999993,317000
433.95994621000006,318000
428.75229335000006,319000
431.6662934799999,320000
434.6304292100001,321000
424.95839357000006,322000
426.4882964800001,323000
424.07177741,324000
425.15807119,325000
431.1551395499999,326000
438.4652745299999,327000
436.27636806999993,328000
429.7129777099999,329000
417.75616648999994,330000
421.72346386,331000
424.64706548999993,332000
420.60376790999993,333000
423.12924087,334000
441.11971189999997,335000
450.17750094999997,336000
440.89789541,337000
439.97195093999994,338000
438.61047360000003,339000
449.72167634,340000
456.4854417000001,341000
465.31772117,342000
471.5926716900001,343000
481.48790228999997,344000
487.41342397000005,345000
482.83130013000005,346000
491.92801517,347000
487.7362291199999,348000
482.7583301500001,349000
495.97111836,350000
504.91346959000003,351000
502.94671860999995,352000
508.91173733000005,353000
523.3603580800001,354000
520.05984074,355000
526.05666158,356000
523.8238409200001,357000
528.7175846299999,358000
548.27182981,359000
543.95138966,360000
559.71624119,361000
550.39396667,362000
557.2014985199999,363000
539.3982521199999,364000
538.7348292300001,365000
539.68633695,366000
524.33901297,367000
520.97959701,368000
511.12086215000005,369000
512.37078392,370000
510.00502769999997,371000
505.88138275,372000
505.0377814199999,373000
509.37514029,374000
507.2592732199999,375000
485.52314263999995,376000
496.46047918000005,377000
500.88123837000006,378000
488.53530442999994,379000
471.23684550999997,380000
466.0447254200001,381000
470.67181233,382000
470.54482148999995,383000
470.84048218000004,384000
477.97393028000005,385000
489.42516546,386000
484.29541189,387000
477.84665684,388000
486.14905272,389000
478.4137699099998,390000
487.26286581,391000
494.2941159,392000
480.66889653,393000
486.39357171999995,394000
474.23306301,395000
474.20491878999997,396000
471.69632727,397000
488.71832129,398000
495.4004263399999,399000
494.38897306,400000
508.46039067999993,401000
519.85486585,402000
499.82193031,403000
498.52149181,404000
505.43799342000005,405000
501.0540256000001,406000
511.5977360400001,407000
498.95924818,408000
485.73810076999996,409000
487.63097654999996,410000
497.48269698,411000
499.68911834,412000
501.37509212000003,413000
494.83738530999995,414000
503.89206967999996,415000
507.32823732,416000
501.7053825399999,417000
502.52115814000007,418000
519.18692343,419000
532.71053166,420000
550.5199232499999,421000
559.90592617,422000
563.41397696,423000
551.36796526,424000
532.2507475099999,425000
532.0281507200001,426000
533.7777984100001,427000
559.33472292,428000
572.9412143599999,429000
574.17470302,430000
576.4385777299999,431000
580.0078265500001,432000
586.45481957,433000
598.22459194,434000
589.767618,435000
596.9268724299999,436000
612.10347969,437000
600.70834724,438000
590.91867664,439000
592.2075853,440000
582.99251658,441000
598.10532237,442000
614.74748641,443000
589.22627321,444000
579.25477526,445000
586.3016589499999,446000
569.7299543,447000
574.52413963,448000
594.09133612,449000
590.35060039,450000
595.2331749900001,451000
582.7900537600001,452000
585.67494329,453000
584.2141293100001,454000
581.2409945,455000
583.9342441599999,456000
586.19947119,457000
575.2252996100001,458000
574.2879611999999,459000
582.5000360000001,460000
582.1658020899999,461000
591.09841079,462000
605.7456058299999,463000
615.91774829,464000
625.7435473200001,465000
624.61763238,466000
648.7111899600001,467000
640.51837705,468000
630.68826433,469000
635.22440008,470000
643.19641912,471000
655.4963701600001,472000
651.78345922,473000
638.9069028400002,474000
643.0121589900001,475000
653.92678578,476000
674.32885117,477000
684.2755499199999,478000
679.3862290500001,479000
691.27650917,480000
703.5357968,481000
708.95460623,482000
704.1734400899998,483000
704.5230291500001,484000
696.25944746,485000
710.1271673800001,486000
713.58193188,487000
724.96550485,488000
727.1817758500002,489000
724.6789883900002,490000
721.86452397,491000
710.45258123,492000
715.90095255,493000
721.54774708,494000
722.8522847,495000
722.48122884,496000
726.1996247899999,497000
735.77612558,498000
712.9007077000001,499000
693.4257211700001,500000
717.5237473200001,501000
701.4959910800001,502000
686.5649805,503000
691.1812395100002,504000
680.9807669900001,505000
679.8772789400001,506000
657.65105443,507000
669.1181129700001,508000
677.4998157699999,509000
680.31506263,510000
684.21798927,511000
700.5047110300001,512000
690.7448519100002,513000
703.8776805900001,514000
689.9275164399999,515000
693.38507312,516000
695.3463062300001,517000
702.8672317099999,518000
703.6354120800002,519000
700.6180006300002,520000
712.38915699,521000
710.34243336,522000
708.5000274200002,523000
733.92842957,524000
743.24914095,525000
748.4879344799999,526000
749.7739343499999,527000
758.90032042,528000
771.35608267,529000
757.19190634,530000
767.7959284499999,531000
756.2602038299998,532000
769.4021498200001,533000
776.2193701400001,534000
773.2925050200001,535000
777.18116892,536000
775.72247077,537000
774.0989151499999,538000
782.4644651,539000
784.04717634,540000
772.9641756500001,541000
785.3296562799999,542000
789.4727455999999,543000
792.88206847,544000
797.1741595000001,545000
814.4782148099999,546000
805.9941412799999,547000
757.16290586,548000
749.78473794,549000
746.2899709499999,550000
729.0634243799997,551000
724.2466171499999,552000
735.05808857,553000
727.7473124699999,554000
731.5535280899998,555000
725.1752310399997,556000
731.3741950099998,557000
731.5117073099999,558000
723.2929592300002,559000
723.56219018,560000
723.28649447,561000
738.5929172799999,562000
739.2701382700001,563000
740.7009570600002,564000
748.4676802800001,565000
727.6319975599998,566000
716.81796921,567000
727.8992505399999,568000
710.36712829,569000
703.6789036399999,570000
704.6436187099998,571000
707.3285359099999,572000
708.8543796700002,573000
711.0629818600003,574000
732.1827215800002,575000
750.8324751100002,576000
758.6677308400001,577000
762.8647580100002,578000
767.5894354200001,579000
772.5425874,580000
764.48295457,581000
764.6495204700001,582000
785.9821122300002,583000
786.6951098600001,584000
798.5599277400001,585000
789.88479681,586000
804.07292262,587000
795.36021964,588000
801.5377670099999,589000
813.5736003899999,590000
810.47224011,591000
808.3600520800001,592000
805.76418783,593000
822.2496094999999,594000
807.19865561,595000
819.66931268,596000
803.9074550600001,597000
818.3033973799998,598000
829.2745832800002,599000
853.3542401100002,600000
862.1953634100003,601000
860.28397838,602000
868.28070153,603000
867.19626126,604000
871.4783607299998,605000
875.6255947599999,606000
878.4247055,607000
887.5994109499999,608000
899.1241189200002,609000
908.39692727,610000
884.1207061500002,611000
884.0018837399999,612000
881.94319619,613000
887.5818121799999,614000
904.0964486199998,615000
904.70517685,616000
889.2913232999999,617000
884.49317857,618000
870.7825369400001,619000
862.4013002400002,620000
881.9561495900001,621000
887.94390212,622000
870.25551616,623000
873.6917024099998,624000
882.8828127999998,625000
885.32585641,626000
889.7032392999998,627000
891.81029852,628000
888.3753305199998,629000
876.79136433,630000
884.19522325,631000
872.8776409,632000
873.58247051,633000
873.7519808900001,634000
875.88859128,635000
864.4681858700002,636000
867.43795975,637000
868.2150724799999,638000
828.7366733100002,639000
811.7814019199999,640000
820.5182430600001,641000
835.8428398199999,642000
833.39434628,643000
841.15726454,644000
849.36043107,645000
853.99262985,646000
855.4724399500001,647000
856.2747314200001,648000
852.72026703,649000
851.8935025400001,650000
868.9374644300001,651000
881.6458185099999,652000
861.0266534400001,653000
873.40296813,654000
880.8106234900001,655000
847.6421484100002,656000
842.9433093299999,657000
849.7931206500001,658000
860.5813933999999,659000
853.1118295299999,660000
868.8734390399998,661000
888.47135652,662000
894.8321995999999,663000
885.6046887400001,664000
886.4807588700002,665000
882.68933298,666000
897.6444626,667000
909.76692598,668000
910.1591779199999,669000
906.96316351,670000
918.2694108100001,671000
935.2566504500002,672000
946.9525803400002,673000
975.0490480699998,674000
987.5447072099997,675000
992.7246765099997,676000
979.9509485999998,677000
971.80435006,678000
972.6146901599999,679000
967.83647013,680000
963.9037977399998,681000
959.93409828,682000
963.7435417500002,683000
971.1227867899999,684000
986.01990608,685000
982.72258032,686000
994.97939841,687000
1014.72342688,688000
1025.82411715,689000
1005.43728575,690000
1017.9499543299999,691000
1018.78660557,692000
1032.4928144,693000
1026.4961951300002,694000
1033.9039652200001,695000
1019.5346711400001,696000
1005.1547136700001,697000
1003.61936101,698000
1022.8886302899998,699000
1020.5556208099999,700000
1033.3603049800001,701000
1018.98589134,702000
1003.9719338800002,703000
996.6966640600002,704000
1003.01579601,705000
981.0673748400001,706000
977.56262613,707000
976.7709565200001,708000
973.2162752700002,709000
974.9392838900002,710000
986.5251364200002,711000
993.1617066199999,712000
994.0553339500001,713000
989.2296065100002,714000
980.6745453399999,715000
984.8150433599999,716000
995.2973925900001,717000
993.7928174299999,718000
971.0070269,719000
963.4168123400002,720000
966.3986861200001,721000
950.5758468,722000
952.2058084800003,723000
948.4520553399999,724000
957.85182106,725000
958.0853710499999,726000
977.33768602,727000
984.3499387099998,728000
995.0115688699999,729000
976.6380254399998,730000
984.69504175,731000
983.0984567600001,732000
969.8825271600002,733000
962.8978373800002,734000
955.5799781299997,735000
955.3223694599999,736000
965.2128409300001,737000
975.51177135,738000
971.73139894,739000
978.5753318699999,740000
986.05455376,741000
982.8305802800002,742000
995.8466557199998,743000
982.8076898300002,744000
983.17033087,745000
984.7325708099999,746000
991.2730349999999,747000
998.6605391500001,748000
1002.71757772,749000
1016.71726349,750000
1021.28790668,751000
984.50236898,752000
991.1185471900001,753000
982.7317735,754000
1000.03298943,755000
996.93375668,756000
992.7111216900001,757000
994.6244748600001,758000
1010.3896924000002,759000
1005.6288822000001,760000
1009.6215379099999,761000
996.5111767000002,762000
989.2284437399999,763000
992.4919302800001,764000
1000.28036363,765000
1006.1341635900001,766000
1030.68535027,767000
1044.0762775900002,768000
1049.8242317699996,769000
1054.27948024,770000
1049.31862823,771000
1063.25283844,772000
1063.4083293800002,773000
1063.05259197,774000
1060.1277635699998,775000
1054.1235731000002,776000
1061.7439773,777000
1061.8161354000001,778000
1071.82449003,779000
1081.48810704,780000
1062.1527972299998,781000
1067.1042942600002,782000
1069.09494788,783000
1083.26774765,784000
1071.4553277,785000
1054.00584226,786000
1037.45500326,787000
1049.2367923299998,788000
1077.2910060000002,789000
1072.1741873899998,790000
1077.55461909,791000
1046.9704073599999,792000
1057.14881935,793000
1053.8024255999999,794000
1056.76594742,795000
1049.9404636099998,796000
1054.6832074999998,797000
1040.26082497,798000
1050.50203511,799000
1054.5830538999999,800000
1033.7697949399999,801000
1033.2048151,802000
1031.06431833,803000
1038.4945738600002,804000
1037.93546887,805000
1051.30456013,806000
1060.94052714,807000
1049.5338472100002,808000
1038.7564997900001,809000
1052.1268536,810000
1044.78360486,811000
1043.1606077200001,812000
1033.5579621099998,813000
1034.88277591,814000
1019.63477049,815000
1038.80094281,816000
1024.6534191299997,817000
1009.67244148,818000
1027.6297654799998,819000
1021.6953620099999,820000
1035.8127167700002,821000
1022.8666768399999,822000
1015.95127791,823000
1020.9292425200001,824000
1005.9106729699998,825000
1021.7987168799998,826000
1031.7114884199998,827000
1050.1315474799999,828000
1054.2311540800001,829000
1059.98105443,830000
1066.18847625,831000
1064.7707612099998,832000
1057.43789814,833000
1056.0286677,834000
1041.6774413899998,835000
1028.3229521600003,836000
1024.8869995100001,837000
1028.94956922,838000
1020.4835284599999,839000
1021.0519123500001,840000
1005.2960257899998,841000
998.25658994,842000
1009.1599780299999,843000
1005.77872102,844000
1021.58284338,845000
1027.8014822100001,846000
1029.0320971400001,847000
1028.7156232700002,848000
1031.4815845900002,849000
1033.9256561299999,850000
1013.57040745,851000
1027.73548618,852000
1040.60585466,853000
1040.32012106,854000
1037.10581131,855000
1037.5295645699998,856000
1056.1410788599999,857000
1054.30450724,858000
1044.9218724,859000
1052.55627537,860000
1038.17639225,861000
1027.83241601,862000
1021.7772112700001,863000
1022.48502305,864000
1019.0341114700002,865000
1025.06616431,866000
1023.0366427000001,867000
1022.7438599500002,868000
1030.53151878,869000
1061.62460037,870000
1059.44325826,871000
1070.31940816,872000
1094.1889267999998,873000
1093.63007927,874000
1097.21958112,875000
1090.57437054,876000
1084.56406165,877000
1087.00732432,878000
1060.27084345,879000
1065.41093034,880000
1050.23820001,881000
1032.26913865,882000
1026.08934456,883000
1020.87966674,884000
1021.02880125,885000
1037.65793499,886000
1041.16666491,887000
1025.4040743700002,888000
1032.91839051,889000
1033.4967284100003,890000
1052.9494093,891000
1035.1152949399998,892000
1034.1804007800001,893000
1036.28112539,894000
1043.2683499,895000
1049.1534256,896000
1055.6866552,897000
1082.2807433,898000
1090.7249583299997,899000
1070.4449283899996,900000
1073.3633767,901000
1086.4319907099998,902000
1086.4065568199999,903000
1096.5820138200002,904000
1102.95136368,905000
1119.8406053600002,906000
1114.69926798,907000
1114.9320720599999,908000
1103.7733961300003,909000
1109.0054030599997,910000
1100.94416826,911000
1082.7454844000001,912000
1077.1746500600002,913000
1079.2826717700002,914000
1100.01318043,915000
1100.6689122999999,916000
1114.01660974,917000
1104.6632306099998,918000
1124.58549563,919000
1126.12381872,920000
1137.98202411,921000
1138.55101313,922000
1139.99034092,923000
1149.29401029,924000
1143.89999721,925000
1151.84838078,926000
1148.86882761,927000
1111.93819228,928000
1119.66403988,929000
1138.1668682600002,930000
1135.6724977099998,931000
1143.77692314,932000
1144.7447560300002,933000
1121.89603135,934000
1119.97851636,935000
1120.23858924,936000
1117.4389127200002,937000
1126.56853088,938000
1131.71044732,939000
1130.6905958999998,940000
1116.35648432,941000
1115.00052809,942000
1116.8559725100001,943000
1113.85115434,944000
1100.75509298,945000
1100.2467181999998,946000
1092.14525064,947000
1091.9705850199998,948000
1107.12653884,949000
1118.8235051000001,950000
1121.0456679800002,951000
1111.85949579,952000
1123.5065981,953000
1110.934478,954000
1098.89912664,955000
1110.3097545599999,956000
1109.1393082999998,957000
1110.27370607,958000
1117.62979566,959000
1105.7239242299997,960000
1107.49110472,961000
1098.51190563,962000
1091.5932730499999,963000
1097.27475908,964000
1116.21448066,965000
1105.54980987,966000
1086.82003623,967000
1068.8141691,968000
1081.4758120200001,969000
1072.59600807,970000
1061.41765826,971000
1073.73833399,972000
1063.65455482,973000
1058.49659774,974000
1047.8033255399998,975000
1057.05778214,976000
1058.6326467000001,977000
1039.18728009,978000
1043.4790048700002,979000
1050.0236783200003,980000
1059.39562571,981000
1061.44759679,982000
1065.9619689800002,983000
1077.44760072,984000
1070.58995947,985000
1060.67482116,986000
1062.34287059,987000
1057.6791891500002,988000
1043.90907236,989000
1054.04740722,990000
1048.19616837,991000
1043.7453485699998,992000
1044.04236674,993000
1051.5774323899998,994000
1040.64818182,995000
1053.88049711,996000
1058.22260648,997000
1068.42795159,998000
1067.6721999600002,999000
1081.7919102100002,1000000
1079.15516273,1001000
1089.3556210899999,1002000
1102.6519499199999,1003000
1108.3208547199997,1004000
1104.65113569,1005000
1116.76822,1006000
1120.7158540799999,1007000
1106.1486179199999,1008000
1108.71620612,1009000
1128.73961701,1010000
1119.8775269,1011000
1115.4608106099997,1012000
1104.47352893,1013000
1119.58996034,1014000
1119.84910591,1015000
1093.4142912399998,1016000
1078.16023642,1017000
1089.80875984,1018000
1065.11090186,1019000
1058.5545728799998,1020000
1049.88329894,1021000
1033.03856382,1022000
1039.2772777300002,1023000
1055.08745978,1024000
1063.22066993,1025000
1056.01260713,1026000
1057.2198052100002,1027000
1051.3219782300002,1028000
1040.27045813,1029000
1027.80725196,1030000
1028.9681872,1031000
1002.8385044499998,1032000
994.0312119900002,1033000
998.1986068999998,1034000
978.6864689800001,1035000
956.3356432900001,1036000
965.6297377300002,1037000
966.4561537899999,1038000
962.35634901,1039000
971.3173295800001,1040000
984.9732829600001,1041000
993.10353549,1042000
991.86292062,1043000
995.6224155500001,1044000
986.2408993899999,1045000
1000.88055673,1046000
999.0889427700001,1047000
986.38734073,1048000
995.8067404099999,1049000
998.88534308,1050000
990.63203852,1051000
1009.2196978700001,1052000
986.1006730900001,1053000
1012.1226553600001,1054000
1024.10903152,1055000
1030.7863117900001,1056000
1032.12145301,1057000
1053.42133142,1058000
1042.01859712,1059000
1017.7699360400001,1060000
1010.3817506499998,1061000
1022.7344217599999,1062000
1045.89765637,1063000
1028.9906734899998,1064000
1022.6705315700002,1065000
1028.49035894,1066000
1028.3155127300001,1067000
1033.4367165200001,1068000
1042.4798357099999,1069000
1056.30802802,1070000
1067.6730240999998,1071000
1074.38174523,1072000
1041.9352302999998,1073000
1032.8822583299998,1074000
1029.14602975,1075000
1025.79238362,1076000
1016.1042720999999,1077000
1023.47579914,1078000
1041.7465074599997,1079000
1043.12575289,1080000
1040.15524738,1081000
1038.6929733,1082000
1053.3840026799999,1083000
1070.00431379,1084000
1067.70937181,1085000
1078.7860496499998,1086000
1059.27528113,1087000
1077.8725955799998,1088000
1086.36767762,1089000
1086.4868293099998,1090000
1087.2930265199998,1091000
1098.0450507599999,1092000
1069.2868726699999,1093000
1076.84998099,1094000
1086.59454233,1095000
1104.52049244,1096000
1110.61638106,1097000
1113.4462981499998,1098000
1113.4110438799999,1099000
1130.44639342,1100000
1121.24901079,1101000
1144.4753120199998,1102000
1145.28501245,1103000
1149.07055951,1104000
1148.0555159100002,1105000
1157.19213407,1106000
1133.8149333899999,1107000
1143.6343919999997,1108000
1143.95827548,1109000
1147.89836078,1110000
1163.80579483,1111000
1187.03780236,1112000
1195.60771688,1113000
1192.93975455,1114000
1195.28212161,1115000
1202.8564210200002,1116000
1188.16733587,1117000
1187.80168224,1118000
1192.08047553,1119000
1198.8579181100001,1120000
1178.9536796399998,1121000
1177.65667895,1122000
1171.2725278900002,1123000
1175.1036008,1124000
1183.21107705,1125000
1196.73748647,1126000
1183.52690209,1127000
1170.52358235,1128000
1165.93313818,1129000
1165.97749743,1130000
1158.0958513799999,1131000
1181.80000602,1132000
1187.13665877,1133000
1196.64165223,1134000
1186.31271546,1135000
1186.7148187,1136000
1185.86853718,1137000
1185.58739936,1138000
1184.84577292,1139000
1181.7526861200001,1140000
1169.5874193099999,1141000
1178.73606439,1142000
1171.7303480199998,1143000
1167.12707284,1144000
1166.6663315899998,1145000
1178.16314943,1146000
1171.39891503,1147000
1170.9614996599998,1148000
1157.36429652,1149000
1146.6812753499999,1150000
1143.51816859,1151000
1138.7317085799998,1152000
1122.4981165,1153000
1136.63253603,1154000
1126.46749755,1155000
1126.22359369,1156000
1122.95086302,1157000
1124.4405536800002,1158000
1143.4668573600002,1159000
1130.7293634500002,1160000
1140.25591614,1161000
1129.02781487,1162000
1134.25884876,1163000
1134.66562269,1164000
1158.18385238,1165000
1163.46272847,1166000
1149.88115725,1167000
1145.65893186,1168000
1130.52519326,1169000
1131.6952375800001,1170000
1135.70141693,1171000
1143.0072252300001,1172000
1139.4004207099997,1173000
1139.64746505,1174000
1145.88628486,1175000
1146.07705562,1176000
1146.67190895,1177000
1156.95832417,1178000
1148.73836422,1179000
1147.17634961,1180000
1156.5849415700002,1181000
1153.38464586,1182000
1153.63459797,1183000
1153.6356339,1184000
1134.65773047,1185000
1147.73247485,1186000
1161.82933752,1187000
1174.7834064300002,1188000
1176.0106024200002,1189000
1183.5075438,1190000
1186.95915178,1191000
1187.59717779,1192000
1201.00867491,1193000
1212.8592432500002,1194000
1203.6563932,1195000
1205.81082946,1196000
1215.3201433199997,1197000
1217.0353460399997,1198000
1204.54325135,1199000
1206.53791719,1200000
1210.5984031299997,1201000
1211.25622039,1202000
1211.71705779,1203000
1195.67115795,1204000
1204.1260605599998,1205000
1209.3968146399998,1206000
1221.3752210799998,1207000
1223.19597526,1208000
1214.6763875699996,1209000
1200.87102126,1210000
1204.8797879099998,1211000
1205.16105586,1212000
1205.89351497,1213000
1205.46619985,1214000
1195.19035126,1215000
1195.1231139699998,1216000
1198.52542604,1217000
1208.00206898,1218000
1211.51071719,1219000
1215.03744295,1220000
1206.24682612,1221000
1203.3701534599998,1222000
1215.0745186700003,1223000
1227.4915373900003,1224000
1219.2554105099998,1225000
1219.82841588,1226000
1200.0988662600002,1227000
1205.3902798,1228000
1218.2707266099999,1229000
1207.7019240500001,1230000
1204.6236699900003,1231000
1204.7568445600002,1232000
1208.6738955100002,1233000
1202.5539635700002,1234000
1178.17591606,1235000
1181.9442334,1236000
1194.31078723,1237000
1195.5390131000001,1238000
1195.9760772400002,1239000
1182.50037218,1240000
1188.7913428599998,1241000
1176.2955118999998,1242000
1188.68811123,1243000
1187.5331953899997,1244000
1188.0521953999998,1245000
1181.7513671399997,1246000
1183.1947584000002,1247000
1184.1313276600001,1248000
1180.33251298,1249000
1168.29462612,1250000
1169.62401524,1251000
1159.29889782,1252000
1166.9030206500001,1253000
1176.12764412,1254000
1161.43527998,1255000
1157.0026531099998,1256000
1156.98320228,1257000
1151.19355191,1258000
1163.68072769,1259000
1172.63561097,1260000
1158.511301,1261000
1156.4399317399998,1262000
1143.1802344599998,1263000
1159.6910896299999,1264000
1158.0944783,1265000
1158.4090691499998,1266000
1152.0021872999998,1267000
1154.7676745200001,1268000
1153.43181609,1269000
1158.72768533,1270000
1158.99639326,1271000
1167.2701530499999,1272000
1191.4170965800001,1273000
1185.4746286200002,1274000
1186.41366107,1275000
1180.0663637799998,1276000
1181.48847847,1277000
1191.0968435,1278000
1198.06192268,1279000
1198.25319761,1280000
1193.9747433099997,1281000
1194.6594787499998,1282000
1183.5910605899999,1283000
1191.48140758,1284000
1203.03518474,1285000
1212.5422016100001,1286000
1215.5739280300002,1287000
1207.74450772,1288000
1217.45019249,1289000
1213.45857479,1290000
1222.39644545,1291000
1210.6371801199998,1292000
1195.87102643,1293000
1198.57642102,1294000
1203.84593436,1295000
1204.7718014000002,1296000
1201.0185197500002,1297000
1193.56525631,1298000
1205.25812531,1299000
1194.3849554,1300000
1207.3304477999998,1301000
1207.5172396499997,1302000
1201.7247799,1303000
1200.9140151800002,1304000
1209.4395383,1305000
1210.29506972,1306000
1213.0782735500002,1307000
1206.6327400500002,1308000
1200.1693309300001,1309000
1191.49668801,1310000
1191.23254836,1311000
1189.4915090000002,1312000
1181.22017339,1313000
1185.52727066,1314000
1187.75938774,1315000
1176.23229505,1316000
1180.75765889,1317000
1183.1406700300001,1318000
1163.81435036,1319000
1165.32984253,1320000
1157.4345076299999,1321000
1133.09130224,1322000
1125.7214935900001,1323000
1130.3022032000001,1324000
1131.01088198,1325000
1137.84825247,1326000
1129.03389631,1327000
1128.67406619,1328000
1122.14528845,1329000
1131.43657639,1330000
1143.8604514600001,1331000
1150.52058542,1332000
1155.9843827,1333000
1162.2021666499998,1334000
1158.10013303,1335000
1169.46232971,1336000
1168.36918716,1337000
1185.40834275,1338000
1182.83601181,1339000
1155.3960925499998,1340000
1149.5516683,1341000
1146.60620032,1342000
1140.35385815,1343000
1145.17887342,1344000
1139.4117748200001,1345000
1146.67274054,1346000
1146.57687128,1347000
1155.58266026,1348000
1151.5088788900002,1349000
1151.7168875600003,1350000
1158.68039311,1351000
1170.36263479,1352000
1170.35156203,1353000
1163.8676684,1354000
1173.59044413,1355000
1181.03868511,1356000
1181.48487606,1357000
1199.72655783,1358000
1208.26817981,1359000
1217.9498988,1360000
1218.25230447,1361000
1254.80868988,1362000
1254.67675377,1363000
1253.72817132,1364000
1247.29147765,1365000
1247.12631911,1366000
1239.97089926,1367000
1259.6298927999999,1368000
1246.19668045,1369000
1218.76748166,1370000
1220.83183383,1371000
1216.58110416,1372000
1223.71793919,1373000
1223.9681959999998,1374000
1224.6911300099998,1375000
1206.1070375600002,1376000
1208.29738843,1377000
1230.59085149,1378000
1242.23728901,1379000
1250.17628871,1380000
1252.18568081,1381000
1256.7290883799997,1382000
1256.0939697799997,1383000
1260.6666895199999,1384000
1259.88591589,1385000
1245.0629619600002,1386000
1241.5566799800001,1387000
1240.9522846500001,1388000
1242.7914640700003,1389000
1246.5186481700002,1390000
1229.42803395,1391000
1207.52167033,1392000
1219.9356013299998,1393000
1221.61475181,1394000
1214.7694453699999,1395000
1185.0495918099998,1396000
1175.5014340300002,1397000
1165.3817001700002,1398000
1167.8941243600002,1399000
1167.0899134400001,1400000
1168.03887748,1401000
1164.9338808300001,1402000
1164.4271748499998,1403000
1144.98943595,1404000
1143.1892067200001,1405000
1157.0372691000002,1406000
1177.51709967,1407000
1185.98493025,1408000
1186.8972005199998,1409000
1176.3654702000001,1410000
1168.23478986,1411000
1167.92784358,1412000
1176.76053972,1413000
1187.94164235,1414000
1187.74237563,1415000
1191.86885337,1416000
1175.23316073,1417000
1177.5487310699998,1418000
1176.7031141100001,1419000
1177.1747815899998,1420000
1181.14691017,1421000
1180.96386787,1422000
1188.54091249,1423000
1198.1804948699998,1424000
1183.45058288,1425000
1186.1392218199999,1426000
1172.40951594,1427000
1175.87341333,1428000
1185.3162885600002,1429000
1197.29912121,1430000
1175.2043741300001,1431000
1176.1612890800002,1432000
1198.10833326,1433000
1212.8538972099998,1434000
1218.32049697,1435000
1216.99928244,1436000
1203.49448568,1437000
1199.7121365199998,1438000
1209.8891908,1439000
1215.13930979,1440000
1219.31731423,1441000
1235.72436692,1442000
1231.19230644,1443000
1232.52958254,1444000
1233.20051048,1445000
1229.83174379,1446000
1222.78292024,1447000
1230.3458873900001,1448000
1229.1902461600002,1449000
1237.6387891800002,1450000
1231.83029807,1451000
1232.37543762,1452000
1211.4251496,1453000
1216.69855848,1454000
1229.03922419,1455000
1240.29436462,1456000
1243.82071544,1457000
1243.46513577,1458000
1226.2569618,1459000
1218.53325492,1460000
1213.9706325099999,1461000
1204.2014317399999,1462000
1223.0158834499998,1463000
1222.7701334299998,1464000
1228.6286599300001,1465000
1235.8367236899999,1466000
1243.14206762,1467000
1231.73271717,1468000
1243.7232492100002,1469000
1239.4584455800002,1470000
1237.84445699,1471000
1237.67178174,1472000
1247.6333864,1473000
1250.15218509,1474000
1251.0509169500003,1475000
1257.8456358600001,1476000
1255.8102551299999,1477000
1249.40531134,1478000
1241.55966074,1479000
1245.92438984,1480000
1250.56390621,1481000
1247.1311271,1482000
1235.25212176,1483000
1234.5897654,1484000
1241.5196750900002,1485000
1241.1804014200002,1486000
1244.98021674,1487000
1233.17894367,1488000
1239.13274641,1489000
1239.78735154,1490000
1249.9868344000001,1491000
1267.7165371199999,1492000
1268.2307998499998,1493000
1268.46107394,1494000
1264.8054286699999,1495000
1261.8861455399997,1496000
1259.93394259,1497000
1264.57401123,1498000
1276.48733446,1499000
1284.9771592,1500000
1284.25822088,1501000
1287.29741432,1502000
1277.80432883,1503000
1271.2689974700002,1504000
1271.5313939,1505000
1273.1246231599998,1506000
1280.7191757899998,1507000
1280.2639711499999,1508000
1276.73573689,1509000
1280.1977195700001,1510000
1273.41823834,1511000
1273.7455609600004,1512000
1273.25458529,1513000
1264.5490429399997,1514000
1276.9760665000001,1515000
1279.5682228399999,1516000
1278.83432081,1517000
1285.99973947,1518000
1296.4670974899998,1519000
1289.0724020499997,1520000
1288.7417907299998,1521000
1297.0935691799998,1522000
1301.7658291,1523000
1298.1672943,1524000
1275.28073256,1525000
1273.3010784,1526000
1272.57014151,1527000
1276.2627305199999,1528000
1275.42846336,1529000
1273.1495333199998,1530000
1272.8433229,1531000
1268.54213478,1532000
1258.69109325,1533000
1262.69779914,1534000
1258.20253938,1535000
1250.6020424700002,1536000
1249.7099445400002,1537000
1243.4528479100002,1538000
1252.8180687200002,1539000
1258.7388362600002,1540000
1268.45474639,1541000
1269.72320551,1542000
1279.4529768099999,1543000
1278.72045555,1544000
1261.11343592,1545000
1263.77234534,1546000
1260.1302231500001,1547000
1273.02269735,1548000
1273.31086827,1549000
1267.16975161,1550000
1235.59718125,1551000
1239.96005908,1552000
1239.5528554,1553000
1229.8256229699998,1554000
1219.22615533,1555000
1219.14416358,1556000
1227.2314041500001,1557000
1214.66299594,1558000
1214.86677297,1559000
1214.73259538,1560000
1223.9784851799998,1561000
1224.13400824,1562000
1238.32254019,1563000
1237.21162525,1564000
1229.9909916099998,1565000
1227.29661541,1566000
1226.3995017399998,1567000
1228.23687075,1568000
1206.4331647200001,1569000
1208.45804722,1570000
1209.6749746299997,1571000
1214.1641107199998,1572000
1217.3195685399999,1573000
1217.84873518,1574000
1209.47330253,1575000
1215.95475026,1576000
1216.15128689,1577000
1197.7288911499998,1578000
1190.1655657,1579000
1191.16724349,1580000
1179.06709161,1581000
1196.43441639,1582000
1199.3271169600002,1583000
1196.2362528200001,1584000
1177.5726471300002,1585000
1177.9691482100002,1586000
1187.0161115800001,1587000
1203.3527863,1588000
1209.9224785,1589000
1208.17082129,1590000
1203.5396478,1591000
1217.6319301300002,1592000
1219.3633500700003,1593000
1212.8354264299999,1594000
1211.45783802,1595000
1211.4975517500002,1596000
1206.9629757100001,1597000
1202.9665392900001,1598000
1190.5610394799999,1599000
1200.40576731,1600000
1200.97002848,1601000
1201.19416083,1602000
1212.17786086,1603000
1212.23719271,1604000
1212.4830882800002,1605000
1217.7239980900001,1606000
1213.94340854,1607000
1213.9847356500002,1608000
1217.9844072,1609000
1217.65247419,1610000
1207.5736430000002,1611000
1213.58990473,1612000
1209.15928612,1613000
1208.61333404,1614000
1219.7517576599998,1615000
1226.73110073,1616000
1233.7517711399998,1617000
1232.74923038,1618000
1239.86995117,1619000
1239.3315543899998,1620000
1219.92958393,1621000
1231.9281752299999,1622000
1236.8349870200002,1623000
1232.8704855500002,1624000
1234.7642649600002,1625000
1243.7493359399998,1626000
1249.0438107799998,1627000
1239.07843944,1628000
1238.2830521500002,1629000
1238.3075641300002,1630000
1246.02827323,1631000
1236.32188178,1632000
1232.04534671,1633000
1245.62166838,1634000
1245.2806623400002,1635000
1254.9326648299998,1636000
1258.13496955,1637000
1258.26637202,1638000
1273.69606187,1639000
1273.69193169,1640000
1272.71218567,1641000
1266.6430448099998,1642000
1264.47567742,1643000
1263.9512057499999,1644000
1264.59072069,1645000
1274.95917777,1646000
1288.2377514,1647000
1288.57006269,1648000
1291.72592009,1649000
1291.91573715,1650000
1302.3342567700001,1651000
1304.23293906,1652000
1302.0241334700002,1653000
1288.2015004,1654000
1288.50879881,1655000
1276.9119723100002,1656000
1266.4859309499998,1657000
1267.09794745,1658000
1270.74728477,1659000
1283.2574307300001,1660000
1285.9019342400002,1661000
1286.6566297,1662000
1287.08539148,1663000
1300.7510598400002,1664000
1292.30218293,1665000
1292.69365847,1666000
1292.2181227199999,1667000
1292.2663879499999,1668000
1297.1498069399997,1669000
1296.36589727,1670000
1297.7181352800003,1671000
1302.90434944,1672000
1307.45608649,1673000
1303.9523964300001,1674000
1303.9290710999999,1675000
1305.3649361399998,1676000
1305.5267178200002,1677000
1311.22635768,1678000
1311.3528795600002,1679000
1311.8453662,1680000
1310.3017794,1681000
1314.5146443899998,1682000
1320.67570349,1683000
1320.60419567,1684000
1320.7791692699998,1685000
1319.7363785099997,1686000
1319.48720527,1687000
1319.3180431299998,1688000
1319.02975876,1689000
1318.76604114,1690000
1318.11733763,1691000
1324.4733489899997,1692000
1318.7563557400001,1693000
1325.8147639200001,1694000
1325.65009337,1695000
1336.99593765,1696000
1345.3128134499996,1697000
1335.04061021,1698000
1335.08232056,1699000
1335.70166589,1700000
1341.51773577,1701000
1343.81772194,1702000
1330.2469622999997,1703000
1331.5408555999998,1704000
1332.7934465800001,1705000
1332.28892564,1706000
1332.45369944,1707000
1336.71063126,1708000
1334.6763235,1709000
1335.3226162800001,1710000
1335.39871464,1711000
1330.6441060500001,1712000
1322.37845312,1713000
1315.84090921,1714000
1303.67189828,1715000
1303.34749048,1716000
1303.15723701,1717000
1289.21839257,1718000
1285.40830116,1719000
1293.9416603,1720000
1294.4143917600002,1721000
1281.54396034,1722000
1267.7746502900002,1723000
1258.70390281,1724000
1258.47083058,1725000
1259.0909141500001,1726000
1253.39903464,1727000
1241.10157241,1728000
1240.4895825699998,1729000
1253.09103219,1730000
1239.9621220499998,1731000
1227.16590171,1732000
1228.04155478,1733000
1220.50550142,1734000
1225.16480796,1735000
1224.3652756000001,1736000
1224.69601223,1737000
1223.0292206200002,1738000
1221.6006921500002,1739000
1232.22628876,1740000
1232.79790888,1741000
1227.00690115,1742000
1214.17602484,1743000
1221.61501748,1744000
1224.83985444,1745000
1214.9922213300001,1746000
1206.61432107,1747000
1212.31828437,1748000
1222.69904688,1749000
1223.09928597,1750000
1225.35252754,1751000
1232.1072335200001,1752000
1231.8280272000002,1753000
1230.5468314500001,1754000
1228.3098240900001,1755000
1228.9650322,1756000
1222.0135742999998,1757000
1221.7630239700002,1758000
1235.2469184899999,1759000
1248.01730885,1760000
1252.8427503,1761000
1256.5663873699998,1762000
1255.95748605,1763000
1251.7154121499998,1764000
1257.7251854600001,1765000
1265.15838412,1766000
1269.82639157,1767000
1260.80421487,1768000
1270.5695121,1769000
1282.83211847,1770000
1290.9359261500001,1771000
1282.52614489,1772000
1292.7829805,1773000
1296.21373436,1774000
1273.9373484200003,1775000
1279.12177121,1776000
1279.20466342,1777000
1274.99420505,1778000
1274.90781356,1779000
1274.5452369099999,1780000
1277.5322201800002,1781000
1279.13425115,1782000
1278.85919307,1783000
1278.4239996100002,1784000
1288.2348836,1785000
1283.8729188200002,1786000
1290.8192311200003,1787000
1290.22075691,1788000
1291.23215395,1789000
1299.67951546,1790000
1293.0147442100001,1791000
1293.83423178,1792000
1269.9751169299998,1793000
1279.60232923,1794000
1279.28218965,1795000
1275.84752087,1796000
1275.86766158,1797000
1275.4650389899998,1798000
1265.1697481,1799000
1264.8812357699999,1800000
1260.9575252000002,1801000
1261.07325514,1802000
1245.3747661799998,1803000
1250.7379944299998,1804000
1245.1640447,1805000
1240.6729372099999,1806000
1241.38134967,1807000
1228.79442611,1808000
1231.0356949000002,1809000
1238.00827076,1810000
1243.24798689,1811000
1239.19179552,1812000
1250.5870618999998,1813000
1227.26751067,1814000
1237.0009645300001,1815000
1236.7815978,1816000
1231.24464731,1817000
1221.10627136,1818000
1230.23411378,1819000
1237.98758833,1820000
1237.52714162,1821000
1228.70022411,1822000
1226.9615223300002,1823000
1234.29398533,1824000
1234.1258490399998,1825000
1234.0855312499998,1826000
1232.9176549399997,1827000
1232.51652521,1828000
1233.6287025000001,1829000
1240.53895195,1830000
1245.2919411,1831000
1255.5817193300002,1832000
1251.3234531699998,1833000
1250.32632782,1834000
1251.19579219,1835000
1251.20076081,1836000
1261.60780599,1837000
1263.8233413,1838000
1257.6557201100002,1839000
1248.96376516,1840000
1242.9513745399997,1841000
1244.7404528299999,1842000
1256.1548328299998,1843000
1252.6426669999998,1844000
1250.0894723800002,1845000
1262.4180416899999,1846000
1262.7603266899998,1847000
1253.4497821300001,1848000
1250.4377307499997,1849000
1253.98092939,1850000
1258.8173875300001,1851000
1268.8503143599999,1852000
1282.1345921599998,1853000
1273.74478731,1854000
1272.83294518,1855000
1279.26080673,1856000
1279.1596563499998,1857000
1269.33915321,1858000
